{"cameraMode":{"drawMode":0,"name":"Shaded","section":"Shading Mode"},"sceneLighting":true,"audioPlay":false,"sceneViewState":{"showFog":true,"showMaterialUpdate":false,"showSkybox":true,"showFlares":true,"showImageEffects":true,"showParticleSystems":true},"in2DMode":false,"pivot":{"x":217.67544555664063,"y":424.31646728515627,"z":-276.387939453125},"rotation":{"x":0.013656926341354847,"y":0.9590280055999756,"z":-0.0469314306974411,"w":0.2790631055831909},"size":4.016940116882324,"orthographic":false}